00976.jpg,0,Install left dampling fork
00976.jpg,12,Install left frame
00976.jpg,24,Install headlamp
01611.jpg,4,Incorrectly installed right dampling fork
01611.jpg,16,Incorrectly installed right frame
02237.jpg,3,Install right dampling fork
02237.jpg,15,Install right frame
02739.jpg,27,Install left handle
02799.jpg,30,Install right handle
03688.jpg,6,Install left rear chassis
04856.jpg,18,Install left tail wing
07815.jpg,9,Install right rear chassis
07815.jpg,39,Install swingarm
08590.jpg,21,Install right tail wing
09177.jpg,48,Install drive shaft
10514.jpg,42,Install fuel tank
12159.jpg,33,Install front wheel
12267.jpg,36,Install rear wheel
12798.jpg,45,Install tail wings pin
