00592.jpg,0,Install left dampling fork
00592.jpg,12,Install left frame
00592.jpg,24,Install headlamp
01251.jpg,3,Install right dampling fork
01251.jpg,15,Install right frame
01442.jpg,27,Install left handle
01485.jpg,30,Install right handle
02736.jpg,6,Install left rear chassis
02736.jpg,18,Install left tail wing
04208.jpg,9,Install right rear chassis
04208.jpg,39,Install swingarm
05346.jpg,21,Install right tail wing
06148.jpg,48,Install drive shaft
07823.jpg,42,Install fuel tank
09383.jpg,33,Install front wheel
09605.jpg,36,Install rear wheel
09992.jpg,45,Install tail wings pin
