01254.jpg,0,Install left dampling fork
01254.jpg,12,Install left frame
01254.jpg,24,Install headlamp
02743.jpg,3,Install right dampling fork
02743.jpg,15,Install right frame
04014.jpg,6,Install left rear chassis
04683.jpg,18,Install left tail wing
05924.jpg,27,Install left handle
06010.jpg,30,Install right handle
07495.jpg,9,Install right rear chassis
08429.jpg,39,Install swingarm
09499.jpg,21,Install right tail wing
09905.jpg,48,Install drive shaft
12603.jpg,42,Install fuel tank
16458.jpg,33,Install front wheel
16811.jpg,36,Install rear wheel
17533.jpg,45,Install tail wings pin
