00979.jpg,0,Install left dampling fork
00979.jpg,12,Install left frame
01029.jpg,27,Install left handle
01687.jpg,33,Install front wheel
02177.jpg,3,Install right dampling fork
02177.jpg,15,Install right frame
02177.jpg,24,Install headlamp
02177.jpg,30,Install right handle
02812.jpg,9,Install right rear chassis
02812.jpg,26,Remove headlamp
04069.jpg,6,Install left rear chassis
04609.jpg,39,Install swingarm
05287.jpg,36,Install rear wheel
05287.jpg,48,Install drive shaft
06698.jpg,42,Install fuel tank
06698.jpg,50,Remove drive shaft
