00922.jpg,0,Install left dampling fork
00922.jpg,12,Install left frame
00922.jpg,25,Incorrectly installed headlamp
01858.jpg,24,Install headlamp
03876.jpg,3,Install right dampling fork
03876.jpg,15,Install right frame
05563.jpg,6,Install left rear chassis
05563.jpg,18,Install left tail wing
05884.jpg,30,Install right handle
06122.jpg,27,Install left handle
08377.jpg,9,Install right rear chassis
08377.jpg,40,Incorrectly installed swingarm
11692.jpg,39,Install swingarm
12583.jpg,21,Install right tail wing
13101.jpg,48,Install drive shaft
16480.jpg,42,Install fuel tank
20328.jpg,33,Install front wheel
20914.jpg,36,Install rear wheel
21837.jpg,45,Install tail wings pin
