01259.jpg,24,Install headlamp
02127.jpg,26,Remove headlamp
02480.jpg,0,Install left dampling fork
02480.jpg,12,Install left frame
02480.jpg,24,Install headlamp
03111.jpg,3,Install right dampling fork
03111.jpg,15,Install right frame
03200.jpg,2,Remove left dampling fork
03200.jpg,14,Remove left frame
03343.jpg,0,Install left dampling fork
03343.jpg,12,Install left frame
04028.jpg,2,Remove left dampling fork
04028.jpg,14,Remove left frame
04197.jpg,0,Install left dampling fork
04197.jpg,12,Install left frame
04529.jpg,27,Install left handle
04670.jpg,30,Install right handle
05465.jpg,9,Install right rear chassis
05465.jpg,18,Install left tail wing
06085.jpg,11,Remove right rear chassis
06085.jpg,20,Remove left tail wing
06427.jpg,18,Install left tail wing
06562.jpg,6,Install left rear chassis
07715.jpg,9,Install right rear chassis
07715.jpg,21,Install right tail wing
11096.jpg,42,Install fuel tank
12693.jpg,33,Install front wheel
13059.jpg,35,Remove front wheel
14042.jpg,33,Install front wheel
