01066.jpg,0,Install left dampling fork
01066.jpg,24,Install headlamp
01715.jpg,2,Remove left dampling fork
01715.jpg,26,Remove headlamp
01976.jpg,0,Install left dampling fork
01976.jpg,12,Install left frame
01976.jpg,24,Install headlamp
04233.jpg,3,Install right dampling fork
04233.jpg,15,Install right frame
05015.jpg,27,Install left handle
05115.jpg,30,Install right handle
07015.jpg,6,Install left rear chassis
07517.jpg,18,Install left tail wing
08658.jpg,9,Install right rear chassis
09399.jpg,21,Install right tail wing
10929.jpg,23,Remove right tail wing
12112.jpg,21,Install right tail wing
12112.jpg,39,Install swingarm
12968.jpg,48,Install drive shaft
16370.jpg,42,Install fuel tank
20646.jpg,33,Install front wheel
24028.jpg,45,Install tail wings pin
25400.jpg,36,Install rear wheel
