00763.jpg,0,Install left dampling fork
00763.jpg,12,Install left frame
00763.jpg,24,Install headlamp
01241.jpg,3,Install right dampling fork
01241.jpg,15,Install right frame
01617.jpg,30,Install right handle
01665.jpg,27,Install left handle
02503.jpg,6,Install left rear chassis
02503.jpg,18,Install left tail wing
03426.jpg,9,Install right rear chassis
04312.jpg,39,Install swingarm
05076.jpg,21,Install right tail wing
05212.jpg,48,Install drive shaft
06110.jpg,42,Install fuel tank
07708.jpg,33,Install front wheel
07873.jpg,36,Install rear wheel
08306.jpg,45,Install tail wings pin
