01144.jpg,1,Incorrectly installed left dampling fork
01144.jpg,13,Incorrectly installed left frame
01144.jpg,24,Install headlamp
02578.jpg,26,Remove headlamp
02691.jpg,0,Install left dampling fork
02691.jpg,12,Install left frame
02691.jpg,24,Incorrected installed headlamp
03720.jpg,3,Install right dampling fork
03720.jpg,15,Install right frame
04430.jpg,27,Install left handle
04481.jpg,30,Install right handle
05309.jpg,6,Install left rear chassis
06029.jpg,18,Install left tail wing
07650.jpg,9,Install right rear chassis
08565.jpg,39,Install swingarm
09585.jpg,21,Install right tail wing
10024.jpg,48,Install drive shaft
10950.jpg,2,Remove left dampling fork
10950.jpg,8,Remove left rear chassis
10950.jpg,14,Remove left frame
10950.jpg,20,Remove left tail wing
10950.jpg,29,Remove left handle
11134.jpg,26,Remove headlamp
11476.jpg,24,Install headlamp
12103.jpg,0,Install left dampling fork
12103.jpg,6,Install left rear chassis
12103.jpg,12,Install left frame
12103.jpg,18,Install left tail wing
12103.jpg,27,Install left handle
13894.jpg,42,Install fuel tank
15403.jpg,33,Install front wheel
15804.jpg,36,Install rear wheel
16556.jpg,45,Install tail wings pin
