00865.jpg,0,Install left dampling fork
00865.jpg,12,Install left frame
00865.jpg,24,Install headlamp
02104.jpg,3,Install right dampling fork
02104.jpg,15,Install right frame
05181.jpg,27,Install left handle
05414.jpg,30,Install right handle
06635.jpg,6,Install left rear chassis
07632.jpg,18,Install left tail wing
08550.jpg,9,Install right rear chassis
10736.jpg,39,Install swingarm
10893.jpg,21,Install right tail wing
12145.jpg,48,Install drive shaft
15041.jpg,20,Remove left tail wing
16504.jpg,18,Install left tail wing
20276.jpg,33,Install front wheel
20430.jpg,20,Remove left tail wing
21159.jpg,18,Install left tail wing
21725.jpg,36,Install rear wheel
22718.jpg,20,Remove left tail wing
23221.jpg,18,Install left tail wing
24168.jpg,45,Install tail wings pin
24546.jpg,42,Install fuel tank
