01185.jpg,3,Install right dampling fork
01185.jpg,15,Install right frame
01185.jpg,24,Install headlamp
01913.jpg,0,Install left dampling fork
01913.jpg,12,Install left frame
02107.jpg,27,Install left handle
02275.jpg,30,Install right handle
03393.jpg,6,Install left rear chassis
03393.jpg,18,Install left tail wing
04234.jpg,9,Install right rear chassis
04804.jpg,39,Install swingarm
05380.jpg,21,Install right tail wing
06356.jpg,42,Install fuel tank
06737.jpg,48,Install drive shaft
08582.jpg,33,Install front wheel
09115.jpg,36,Install rear wheel
09667.jpg,45,Install tail wings pin
